-- phpMyAdmin SQL Dump
-- version 4.9.0.1
-- https://www.phpmyadmin.net/
--
-- Host: sql313.byetcluster.com
-- Generation Time: Mar 31, 2023 at 07:30 AM
-- Server version: 10.4.17-MariaDB
-- PHP Version: 7.2.22

SET SQL_MODE = "NO_AUTO_VALUE_ON_ZERO";
SET AUTOCOMMIT = 0;
START TRANSACTION;
SET time_zone = "+00:00";


/*!40101 SET @OLD_CHARACTER_SET_CLIENT=@@CHARACTER_SET_CLIENT */;
/*!40101 SET @OLD_CHARACTER_SET_RESULTS=@@CHARACTER_SET_RESULTS */;
/*!40101 SET @OLD_COLLATION_CONNECTION=@@COLLATION_CONNECTION */;
/*!40101 SET NAMES utf8mb4 */;

--
-- Database: `epiz_33672597_fav`
--

-- --------------------------------------------------------

--
-- Table structure for table `items`
--

CREATE TABLE `items` (
  `id` int(11) NOT NULL,
  `name` varchar(255) NOT NULL,
  `price` int(11) NOT NULL
) ENGINE=InnoDB DEFAULT CHARSET=latin1;

--
-- Dumping data for table `items`
--

INSERT INTO `items` (`id`, `name`, `price`) VALUES
(1, 'Cannon EOS', 36000),
(2, 'Sony DSLR', 40000),
(3, 'Sony DSLR', 50000),
(4, 'Olympus DSLR', 80000),
(5, 'Titan Model #301', 13000),
(6, 'Titan Model #201', 3000),
(7, 'HMT Milan', 8000),
(8, 'Favre Lueba #111', 18000),
(9, 'Raymond', 1500),
(10, 'Charles', 1000),
(11, 'HXR', 900),
(12, 'PINK', 1200);

-- --------------------------------------------------------

--
-- Table structure for table `users`
--

CREATE TABLE `users` (
  `id` int(11) NOT NULL,
  `name` varchar(255) NOT NULL,
  `email` varchar(255) NOT NULL,
  `password` varchar(255) NOT NULL,
  `contact` varchar(255) NOT NULL,
  `city` varchar(255) NOT NULL,
  `address` varchar(255) NOT NULL
) ENGINE=InnoDB DEFAULT CHARSET=latin1;

--
-- Dumping data for table `users`
--

INSERT INTO `users` (`id`, `name`, `email`, `password`, `contact`, `city`, `address`) VALUES
(4, 'yugesh verma', 'yugeshverma32@gmail.com', '14e1b600b1fd579f47433b88e8d85291', '6263056779', 'bhilai', '25 commercial complex, nehru nagar,east near vijya bank, bhilai C.G.'),
(5, 'yugesh', 'yugeshverma@gmail.com', '14e1b600b1fd579f47433b88e8d85291', '9165063741', 'bhilai', 'bhilai'),
(6, 'chandru', 'chandru@gmail.com', '34767190b1563ae26c76375410b68e74', '898883799', 'chennai,india', 'india'),
(7, 'safgggyg', 'gg@gmail.com', '1b8acc8d44adfe53f79321ba5da7c46c', '687687687', 'hgfhgchgcfgtuvrf', 'gr5c5rv5tfvtt6gytg7');

-- --------------------------------------------------------

--
-- Table structure for table `users_items`
--

CREATE TABLE `users_items` (
  `id` int(11) NOT NULL,
  `user_id` int(11) NOT NULL,
  `item_id` int(11) NOT NULL,
  `status` enum('Added to cart','Confirmed') NOT NULL
) ENGINE=InnoDB DEFAULT CHARSET=latin1;

--
-- Dumping data for table `users_items`
--

INSERT INTO `users_items` (`id`, `user_id`, `item_id`, `status`) VALUES
(7, 3, 3, 'Added to cart'),
(8, 3, 4, 'Added to cart'),
(9, 3, 5, 'Added to cart'),
(10, 3, 11, 'Added to cart'),
(11, 1, 9, 'Added to cart'),
(12, 1, 2, 'Added to cart'),
(13, 1, 8, 'Added to cart'),
(14, 4, 2, 'Confirmed'),
(18, 5, 11, 'Added to cart'),
(20, 5, 5, 'Added to cart'),
(22, 6, 1, 'Added to cart'),
(23, 6, 1, 'Added to cart'),
(24, 6, 1, 'Added to cart'),
(25, 6, 1, 'Added to cart'),
(26, 6, 10, 'Added to cart'),
(27, 6, 10, 'Added to cart'),
(28, 6, 10, 'Added to cart'),
(29, 6, 10, 'Added to cart'),
(30, 6, 12, 'Added to cart'),
(31, 7, 3, 'Confirmed');

-- --------------------------------------------------------

--
-- Table structure for table `user_form`
--

CREATE TABLE `user_form` (
  `id` int(255) NOT NULL,
  `name` varchar(255) NOT NULL,
  `email` varchar(255) NOT NULL,
  `password` varchar(255) NOT NULL,
  `user_type` varchar(255) NOT NULL DEFAULT 'user'
) ENGINE=InnoDB DEFAULT CHARSET=utf8mb4;

--
-- Dumping data for table `user_form`
--

INSERT INTO `user_form` (`id`, `name`, `email`, `password`, `user_type`) VALUES
(1, 'Chandru B', 'chandrujbhaskar@gmail.com', 'e53f2cb6f44cf069c770992e55de30af', 'user'),
(2, 'sankar', 'sankarmorthy@gmail.com', '827ccb0eea8a706c4c34a16891f84e7b', 'admin'),
(4, 'hello', 'hello@gmial.com', '827ccb0eea8a706c4c34a16891f84e7b', 'user'),
(5, 'chandru', 'chandru1@gmail.com', '6199393e792b08f629f1bc547fd4d8b8', 'user'),
(6, 'sanjay', 'ss7383@srmist.edu.in', 'f33c70070d805c6c3083eb779323159e', 'admin');

--
-- Indexes for dumped tables
--

--
-- Indexes for table `items`
--
ALTER TABLE `items`
  ADD PRIMARY KEY (`id`);

--
-- Indexes for table `users`
--
ALTER TABLE `users`
  ADD PRIMARY KEY (`id`);

--
-- Indexes for table `users_items`
--
ALTER TABLE `users_items`
  ADD PRIMARY KEY (`id`),
  ADD KEY `user_id` (`user_id`,`item_id`),
  ADD KEY `item_id` (`item_id`);

--
-- Indexes for table `user_form`
--
ALTER TABLE `user_form`
  ADD PRIMARY KEY (`id`);

--
-- AUTO_INCREMENT for dumped tables
--

--
-- AUTO_INCREMENT for table `items`
--
ALTER TABLE `items`
  MODIFY `id` int(11) NOT NULL AUTO_INCREMENT, AUTO_INCREMENT=13;

--
-- AUTO_INCREMENT for table `users`
--
ALTER TABLE `users`
  MODIFY `id` int(11) NOT NULL AUTO_INCREMENT, AUTO_INCREMENT=8;

--
-- AUTO_INCREMENT for table `users_items`
--
ALTER TABLE `users_items`
  MODIFY `id` int(11) NOT NULL AUTO_INCREMENT, AUTO_INCREMENT=32;

--
-- AUTO_INCREMENT for table `user_form`
--
ALTER TABLE `user_form`
  MODIFY `id` int(255) NOT NULL AUTO_INCREMENT, AUTO_INCREMENT=7;
COMMIT;

/*!40101 SET CHARACTER_SET_CLIENT=@OLD_CHARACTER_SET_CLIENT */;
/*!40101 SET CHARACTER_SET_RESULTS=@OLD_CHARACTER_SET_RESULTS */;
/*!40101 SET COLLATION_CONNECTION=@OLD_COLLATION_CONNECTION */;
